"ID",molecule,iso-slug,formula,dataset,Tmax,vmin,vmax,mass,abundance,Main column,Main format,QN label,QN format,HR N lines
1,AlCl,27Al-35Cl,(27Al)(35Cl),YNAT,5000,13557.00214,43527.2052,61.950391,1,"nu,unc,A,S,E"",g',g"",J',J""","%12.6f,%12.6f,%10.4E,%10.4E,%12.6f,%6d,%6d,%7d,%7d","+/-,e/f,ElecState,v,Lambda,Sigma,Omega","%1s,%1s,%12s,%3d,%3d,%5d,%5d",101
2,AlCl,27Al-37Cl,(27Al)(37Cl),YNAT,5000,13557.49671,43528.45629,63.947441,1,"nu,unc,A,S,E"",g',g"",J',J""","%12.6f,%12.6f,%10.4E,%10.4E,%12.6f,%6d,%6d,%7d,%7d","+/-,e/f,ElecState,v,Lambda,Sigma,Omega","%1s,%1s,%12s,%3d,%3d,%5d,%5d",121
3,AlH,27Al-1H,(27Al)(1H),AloHa,5000,1164.550941,24585.49581,27.989363,1,"nu,unc,A,S,E"",g',g"",J',J""","%12.6f,%12.6f,%10.4E,%10.4E,%12.6f,%6d,%6d,%7d,%7d","+/-,e/f,ElecState,v,Lambda,Sigma,Omega","%1s,%1s,%12s,%3d,%3d,%5d,%5d",692
4,AlO,26Al-16O,(26Al)(16O),ATP,9000,1.295955,25714.31951,41.981806,1,"nu,unc,A,S,E"",g',g"",J',J""","%12.6f,%12.6f,%10.4E,%10.4E,%12.6f,%6d,%6d,%7.1f,%7.1f","+/-,e/f,ElecState,v,Lambda,Sigma,Omega","%1s,%1s,%12s,%3d,%3d,%5.1f,%5.1f",143197
5,AlO,27Al-16O,(27Al)(16O),ATP,9000,1.277845,25680.32824,42.976453,1,"nu,unc,A,S,E"",g',g"",J',J""","%12.6f,%12.6f,%10.4E,%10.4E,%12.6f,%6d,%6d,%7.1f,%7.1f","+/-,e/f,ElecState,v,Lambda,Sigma,Omega","%1s,%1s,%12s,%3d,%3d,%5.1f,%5.1f",149577
6,AlO,27Al-17O,(27Al)(17O),ATP,9000,1.230916,25591.01451,43.98067,1,"nu,unc,A,S,E"",g',g"",J',J""","%12.6f,%12.6f,%10.4E,%10.4E,%12.6f,%6d,%6d,%7.1f,%7.1f","+/-,e/f,ElecState,v,Lambda,Sigma,Omega","%1s,%1s,%12s,%3d,%3d,%5.1f,%5.1f",142905
7,AlO,27Al-18O,(27Al)(18O),ATP,9000,1.189182,25510.01051,44.980698,1,"nu,unc,A,S,E"",g',g"",J',J""","%12.6f,%12.6f,%10.4E,%10.4E,%12.6f,%6d,%6d,%7.1f,%7.1f","+/-,e/f,ElecState,v,Lambda,Sigma,Omega","%1s,%1s,%12s,%3d,%3d,%5.1f,%5.1f",142976
8,BeH,9Be-1H,(9Be)(1H),Darby-Lewis,5000,117.396335,25617.8047,10.020008,1,"nu,unc,A,S,E"",g',g"",J',J""","%12.6f,%12.6f,%10.4E,%10.4E,%12.6f,%6d,%6d,%7.1f,%7.1f","+/-,e/f,ElecState,v,Lambda,Sigma,Omega","%1s,%1s,%12s,%3d,%3d,%5.1f,%5.1f",507
9,BeH,9Be-2H,(9Be)(2H),Darby-Lewis,5000,1083.358494,20049.58297,11.026285,1,"nu,unc,A,S,E"",g',g"",J',J""","%12.6f,%12.6f,%10.4E,%10.4E,%12.6f,%6d,%6d,%7.1f,%7.1f","+/-,e/f,ElecState,v,Lambda,Sigma,Omega","%1s,%1s,%12s,%3d,%3d,%5.1f,%5.1f",310
10,C2,12C2,(12C)2,8states,10000,80.585931,39933.484298,24.0,1,"nu,unc,A,S,E"",g',g"",J',J""","%12.6f,%12.6f,%10.4E,%10.4E,%12.6f,%6d,%6d,%7d,%7d","+/-,e/f,ElecState,v,Lambda,Sigma,Omega","%1s,%1s,%12s,%3d,%3d,%5d,%5d",445682
11,C2H2,12C2-1H2,(12C)2(1H)2,aCeTY,5000,38.306563,9948.7084,26.01565,1,"nu,unc,A,S,E"",g',g"",J',J""","%12.6f,%12.6f,%10.4E,%10.4E,%12.6f,%6d,%6d,%7d,%7d","Gtot,K,e/f,Grot","%3s,%2d,%1s,%3s",473850
12,C3,12C-12C-13C,(12C)(12C)(13C),AtLast,5000,62.742509,2026.374376,37.003355,1,"nu,unc,A,S,E"",g',g"",J',J""","%12.6f,%12.6f,%10.4E,%10.4E,%12.6f,%6d,%6d,%7d,%7d","Gtot,v1,v2,l2,v3,Gvib,Coef,n1,n2,n3","%3s,%2d,%2d,%2d,%2d,%3s,%5.2f,%2d,%2d,%2d",17
13,C3,12C-13C-12C,(12C)(13C)(12C),AtLast,5000,61.457341,1160.493683,37.003355,1,"nu,unc,A,S,E"",g',g"",J',J""","%12.6f,%12.6f,%10.4E,%10.4E,%12.6f,%6d,%6d,%7d,%7d","Gtot,v1,v2,l2,v3,Gvib,Coef,n1,n2,n3","%3s,%2d,%2d,%2d,%2d,%3s,%5.2f,%2d,%2d,%2d",4
14,C3,12C3,(12C)3,AtLast,5000,56.589983,9611.594317,36.0,1,"nu,unc,A,S,E"",g',g"",J',J""","%12.6f,%12.6f,%10.4E,%10.4E,%12.6f,%6d,%6d,%7d,%7d","Gtot,v1,v2,l2,v3,Gvib,Coef,n1,n2,n3","%3s,%2d,%2d,%2d,%2d,%3s,%5.2f,%2d,%2d,%2d",4772
15,CH4,12C-1H4,(12C)(1H)4,MM,5000,1.112438,9923.357767,40.970416,1,"nu,unc,A,S,E"",g',g"",J',J""","%12.6f,%12.6f,%10.4E,%10.4E,%12.6f,%6d,%6d,%7d,%7d","Gtot,n1,n2,l2,n3,l3,M3,n4,l4,M4,n","%3s,%2d,%2d,%2d,%2d,%2d,%2d,%2d,%2d,%2d,%2d",7649736
16,CH_p,12C-1H_p,(12C)(1H)+,PYT,10000,27.857187,27.857187,56.965331,1,"nu,unc,A,S,E"",g',g"",J',J""","%12.6f,%12.6f,%10.4E,%10.4E,%12.6f,%6d,%6d,%7d,%7d","+/-,e/f,ElecState,v,Lambda,Sigma,Omega","%1s,%1s,%12s,%3d,%3d,%5d,%5d",1
17,CN,12C-14N,(12C)(14N),KTPSYT,10000,3.76237,49547.793548,13.007825,1,"nu,unc,A,S,E"",g',g"",J',J""","%12.6f,%12.6f,%10.4E,%10.4E,%12.6f,%6d,%6d,%7.1f,%7.1f","+/-,e/f,ElecState,v,Lambda,Sigma,Omega","%1s,%1s,%12s,%3d,%3d,%5.1f,%5.1f",272449
18,CO2,12C-16O2,(12C)(16O)2,UCL-4000,5000,73.249088,15248.62548,16.0313,1,"nu,unc,A,S,E"",g',g"",J',J""","%12.6f,%12.6f,%10.4E,%10.4E,%12.6f,%6d,%6d,%7d,%7d","Gtot,e/f,n1,n2,l2,n3,m1,m2,m3,m4,m5","%3s,%1s,%2d,%2d,%2d,%2d,%2d,%2d,%2d,%2d,%2d",2600218
19,CaH,40Ca-1H,(40Ca)(1H),XAB,5000,8.413084,18450.7968,26.003074,1,"nu,unc,A,S,E"",g',g"",J',J""","%12.6f,%12.6f,%10.4E,%10.4E,%12.6f,%6d,%6d,%7.1f,%7.1f","+/-,e/f,ElecState,v,Lambda,Sigma,Omega","%1s,%1s,%12s,%3d,%3d,%5.1f,%5.1f",12341
20,CaOH,40Ca-16O-1H,(40Ca)(16O)(1H),OYT6,5000,1.453079,16828.22043,43.989829,1,"nu,unc,A,S,E"",g',g"",J',J""","%12.6f,%12.6f,%10.4E,%10.4E,%12.6f,%6d,%6d,%7.1f,%7.1f","+/-,e/f,N,ElecState,L,v1,v2,l2,v3,Omega,F1/F2/F3","%1s,%1s,%5d,%12s,%3d,%2d,%2d,%2d,%2d,%5.1f,%2s",12984
21,H2CO,1H2-12C-16O,(1H)2(12C)(16O),AYTY,3000,2.429613,5886.78183,30.010565,1,"nu,unc,A,S,E"",g',g"",J',J""","%12.6f,%12.6f,%10.4E,%10.4E,%12.6f,%6d,%6d,%7d,%7d","Gtot,v1,v2,v3,v4,v5,v6,Ka,Kb","%3s,%2d,%2d,%2d,%2d,%2d,%2d,%2d,%2d",317729
22,H2CS,1H2-12C-32S,(1H)2(12C)(32S),MOTY,2000,129.690731,3256.665583,45.987721,1,"nu,unc,A,S,E"",g',g"",J',J""","%12.6f,%12.6f,%10.4E,%10.4E,%12.6f,%6d,%6d,%7d,%7d","Gtot,v1,v2,v3,v4,v5,v6,Ka,Kc","%3s,%2d,%2d,%2d,%2d,%2d,%2d,%2d,%2d",72218
23,H2O,1H2-16O,(1H)2(16O),POKAZATEL,10000,0.400554,21272.015047,18.010565,1,"nu,unc,A,S,E"",g',g"",J',J""","%12.6f,%12.6f,%10.4E,%10.4E,%12.6f,%6d,%6d,%7d,%7d","Grve,v1,v2,v3,Ka,Kc","%3s,%2d,%2d,%2d,%2d,%2d",3520554
24,H2S,1H2-32S,(1H)2(32S),AYT2,3000,5.62932,16545.585164,33.987721,1,"nu,unc,A,S,E"",g',g"",J',J""","%12.6f,%12.6f,%10.4E,%10.4E,%12.6f,%6d,%6d,%7d,%7d","Grve,v1,v2,v3,Ka,Kc","%3s,%2d,%2d,%2d,%2d,%2d",1084520
25,H3O_p,1H3-16O_p,(1H)3(16O)+,eXeL,2000,13.21823,3697.748777,4.029752,1,"nu,unc,A,S,E"",g',g"",J',J""","%12.6f,%12.6f,%10.4E,%10.4E,%12.6f,%6d,%6d,%7d,%7d","Gtot,n1,n2,n3,l3,n4,l4,K,Grot","%3s,%2d,%2d,%2d,%2d,%2d,%2d,%2d,%3s",1785
26,H3_p,1H2-2H_p,(1H)2(2H)+,ST,5000,12.42264,7105.518,3.023475,1,"nu,unc,A,S,E"",g',g"",J',J""","%12.6f,%12.6f,%10.4E,%10.4E,%12.6f,%6d,%6d,%7d,%7d","+/-,Grve,N,Isomer,v1,v2,v3,Ka,Kc","%1s,%3s,%5d,%1s,%2d,%2d,%2d,%2d,%2d",646
27,H3_p,1H3_p,(1H)3+,MiZATeP,5000,36.075258,16506.139,5.036029,1,"nu,unc,A,S,E"",g',g"",J',J""","%12.6f,%12.6f,%10.4E,%10.4E,%12.6f,%6d,%6d,%7d,%7d","e/f,Grve,N,Isomer,v1,v2,l2,G,U,K","%1s,%3s,%5d,%1s,%2d,%2d,%2d,%2d,%1s,%2d",13606
28,H3_p,2H2-1H_p,(2H)2(1H)+,MiZo,2000,17.964933,6581.112,6.042305,1,"nu,unc,A,S,E"",g',g"",J',J""","%12.6f,%12.6f,%10.4E,%10.4E,%12.6f,%6d,%6d,%7d,%7d","+/-,Grve,N,Isomer,v1,v2,v3,Ka,Kc","%1s,%3s,%5d,%1s,%2d,%2d,%2d,%2d,%2d",683
29,H3_p,2H3_p,(2H)3+,MiZo,800,290.595,2215.49,19.01839,1,"nu,unc,A,S,E"",g',g"",J',J""","%12.6f,%12.6f,%10.4E,%10.4E,%12.6f,%6d,%6d,%7d,%7d","e/f,Grve,N,Isomer,v1,v2,l2,G,U,K","%1s,%3s,%5d,%1s,%2d,%2d,%2d,%2d,%1s,%2d",225
30,LiOH,6Li-16O-1H,(6Li)(16O)(1H),OYT7,5000,2.61686,1562.405041,23.017863,1,"nu,unc,A,S,E"",g',g"",J',J""","%12.6f,%12.6f,%10.4E,%10.4E,%12.6f,%6d,%6d,%7d,%7d","+/-,e/f,ElecState,v1,v2,l2,v3","%1s,%1s,%12s,%2d,%2d,%2d,%2d",840
31,LiOH,7Li-16O-1H,(7Li)(16O)(1H),OYT7,5000,2.35783,1626.248586,24.018743,1,"nu,unc,A,S,E"",g',g"",J',J""","%12.6f,%12.6f,%10.4E,%10.4E,%12.6f,%6d,%6d,%7d,%7d","+/-,e/f,ElecState,v1,v2,l2,v3","%1s,%1s,%12s,%2d,%2d,%2d,%2d",749
32,MgH,24Mg-1H,(24Mg)(1H),XAB,5000,11.4452,24433.246213,24.992867,1,"nu,unc,A,S,E"",g',g"",J',J""","%12.6f,%12.6f,%10.4E,%10.4E,%12.6f,%6d,%6d,%7.1f,%7.1f","+/-,e/f,ElecState,v,Lambda,Sigma,Omega","%1s,%1s,%12s,%3d,%3d,%5.1f,%5.1f",2462
33,MgH,25Mg-1H,(25Mg)(1H),XAB,5000,140.828729,22792.378773,25.993662,1,"nu,unc,A,S,E"",g',g"",J',J""","%12.6f,%12.6f,%10.4E,%10.4E,%12.6f,%6d,%6d,%7.1f,%7.1f","+/-,e/f,ElecState,v,Lambda,Sigma,Omega","%1s,%1s,%12s,%3d,%3d,%5.1f,%5.1f",5850
34,MgH,26Mg-1H,(26Mg)(1H),XAB,5000,11.41006,22792.213956,26.990418,1,"nu,unc,A,S,E"",g',g"",J',J""","%12.6f,%12.6f,%10.4E,%10.4E,%12.6f,%6d,%6d,%7.1f,%7.1f","+/-,e/f,ElecState,v,Lambda,Sigma,Omega","%1s,%1s,%12s,%3d,%3d,%5.1f,%5.1f",5339
35,N2,14N2,(14N)2,WCCRMT,9000,1.377209,40496.17998,28.006148,1,"nu,unc,A,S,E"",g',g"",J',J""","%12.6f,%12.6f,%10.4E,%10.4E,%12.6f,%6d,%6d,%7d,%7d","+/-,e/f,g/u,ElecState,v,F,N","%1s,%1s,%1s,%12s,%3d,%2s,%5d",5344527
36,N2O,14N2-16O,(14N)2(16O),TYM,3000,0.838021,19159.193067,44.001063,1,"nu,unc,A,S,E"",g',g"",J',J""","%12.6f,%12.6f,%10.4E,%10.4E,%12.6f,%6d,%6d,%7d,%7d","Gtot,n1,n2lin,l2,n3,P,N","%3s,%2d,%2d,%2d,%2d,%2d,%5d",3459640
37,NH,14N-1H,(14N)(1H),kNigHt,10000,31.570272,45494.12062,15.010899,1,"nu,unc,A,S,E"",g',g"",J',J""","%12.6f,%12.6f,%10.4E,%10.4E,%12.6f,%6d,%6d,%7d,%7d","+/-,e/f,ElecState,v,Lambda,N,F","%1s,%1s,%12s,%3d,%3d,%5d,%2d",26131
38,NH,14N-2H,(14N)(2H),kNigHt,10000,16.403307,9085.941843,16.017176,1,"nu,unc,A,S,E"",g',g"",J',J""","%12.6f,%12.6f,%10.4E,%10.4E,%12.6f,%6d,%6d,%7d,%7d","+/-,e/f,ElecState,v,Lambda,N,F","%1s,%1s,%12s,%3d,%3d,%5d,%2d",943
39,NH,15N-1H,(15N)(1H),kNigHt,10000,31.425712,12079.280725,16.007934,1,"nu,unc,A,S,E"",g',g"",J',J""","%12.6f,%12.6f,%10.4E,%10.4E,%12.6f,%6d,%6d,%7d,%7d","+/-,e/f,ElecState,v,Lambda,N,F","%1s,%1s,%12s,%3d,%3d,%5d,%2d",943
40,NH,15N-2H,(15N)(2H),kNigHt,10000,16.25737,9050.444459,17.014211,1,"nu,unc,A,S,E"",g',g"",J',J""","%12.6f,%12.6f,%10.4E,%10.4E,%12.6f,%6d,%6d,%7d,%7d","+/-,e/f,ElecState,v,Lambda,N,F","%1s,%1s,%12s,%3d,%3d,%5d,%2d",943
41,NH3,14N-1H3,(14N)(1H)3,CoYuTe,2000,19.096483,10003.454732,17.026549,1,"nu,unc,A,S,E"",g',g"",J',J""","%12.6f,%12.6f,%10.4E,%10.4E,%12.6f,%6d,%6d,%7d,%7d","+/-,Gtot,N,n1,n2,n3,n4,l3,l4,inv,K,Grot","%1s,%3d,%5d,%2d,%2d,%2d,%2d,%2d,%2d,%1d,%2d,%3d",1510375
42,NH3,15N-1H3,(15N)(1H)3,CoYuTe-15,2000,19.083628,6970.810223,18.023584,1,"nu,unc,A,S,E"",g',g"",J',J""","%12.6f,%12.6f,%10.4E,%10.4E,%12.6f,%6d,%6d,%7d,%7d","Gtot,n1,n2,n3,l3,n4,l4,Gvib,K,Grot","%3s,%2d,%2d,%2d,%2d,%2d,%2d,%3s,%2d,%3s",148651
43,NO,14N-16O,(14N)(16O),XABC,5000,24.052957,53452.866437,58.943167,1,"nu,unc,A,S,E"",g',g"",J',J""","%12.6f,%12.6f,%10.4E,%10.4E,%12.6f,%6d,%6d,%7.1f,%7.1f","+/-,e/f,ElecState,v,Lambda,Sigma,Omega","%1s,%1s,%12s,%3d,%3d,%5.1f,%5.1f",106711
44,NiH,58Ni-1H,(58Ni)(1H),BYOT,10000,1415.72,7323.082,59.949444,1,"nu,unc,A,S,E"",g',g"",J',J""","%12.6f,%12.6f,%10.4E,%10.4E,%12.6f,%6d,%6d,%7.1f,%7.1f","+/-,e/f,ElecState,v,Lambda,Sigma,Omega","%1s,%1s,%12s,%3d,%3d,%5.1f,%5.1f",4335
45,NiH,58Ni-2H,(58Ni)(2H),BYOT,10000,707.132,6608.354,60.93861,1,"nu,unc,A,S,E"",g',g"",J',J""","%12.6f,%12.6f,%10.4E,%10.4E,%12.6f,%6d,%6d,%7.1f,%7.1f","+/-,e/f,ElecState,v,Lambda,Sigma,Omega","%1s,%1s,%12s,%3d,%3d,%5.1f,%5.1f",5193
46,NiH,60Ni-1H,(60Ni)(1H),BYOT,10000,1414.3586,7321.2425,62.93617,1,"nu,unc,A,S,E"",g',g"",J',J""","%12.6f,%12.6f,%10.4E,%10.4E,%12.6f,%6d,%6d,%7.1f,%7.1f","+/-,e/f,ElecState,v,Lambda,Sigma,Omega","%1s,%1s,%12s,%3d,%3d,%5.1f,%5.1f",3188
47,NiH,62Ni-1H,(62Ni)(1H),BYOT,10000,1424.8602,5610.0232,29.997989,1,"nu,unc,A,S,E"",g',g"",J',J""","%12.6f,%12.6f,%10.4E,%10.4E,%12.6f,%6d,%6d,%7.1f,%7.1f","+/-,e/f,ElecState,v,Lambda,Sigma,Omega","%1s,%1s,%12s,%3d,%3d,%5.1f,%5.1f",702
48,OCS,16O-12C-32S,(16O)(12C)(32S),OYT8,5000,0.405713,10000.067531,59.966986,1,"nu,unc,A,S,E"",g',g"",J',J""","%12.6f,%12.6f,%10.4E,%10.4E,%12.6f,%6d,%6d,%7d,%7d","Gtot,v1,v2,l2,v3,e/f,Gvib,Grot,Coef,n1,n2,n3","%3s,%2d,%2d,%2d,%2d,%1s,%3s,%3s,%5.2f,%2d,%2d,%2d",279273
49,OH,16O-1H,(16O)(1H),MYTHOS,10000,126.292196,69090.697598,17.00274,1,"nu,unc,A,S,E"",g',g"",J',J""","%12.6f,%12.6f,%10.4E,%10.4E,%12.6f,%6d,%6d,%7.1f,%7.1f","+/-,e/f,ElecState,v,Lambda,Sigma,Omega","%1s,%1s,%12s,%3d,%3d,%5.1f,%5.1f",48108
50,PN,31P-14N,(31P)(14N),PaiN,5000,1.567428,2646.893879,44.976836,1,"nu,unc,A,S,E"",g',g"",J',J""","%12.6f,%12.6f,%10.4E,%10.4E,%12.6f,%6d,%6d,%7d,%7d","+/-,e/f,ElecState,v,Lambda,Sigma,Omega","%1s,%1s,%12s,%3d,%3d,%5.1f,%5.1f",44
51,SO,32S-16O,(32S)(16O),SOLIS,5000,1.000746,33095.359612,60.950822,1,"nu,unc,A,S,E"",g',g"",J',J""","%12.6f,%12.6f,%10.4E,%10.4E,%12.6f,%6d,%6d,%7d,%7d","+/-,ElecState,v,Lambda,Sigma,Omega","%1s,%12s,%3d,%3d,%5.1f,%5.1f",2501
52,SO2,32S-16O2,(32S)(16O)2,ExoAmes,2000,0.017393,4669.192635,41.980001,1,"nu,unc,A,S,E"",g',g"",J',J""","%12.6f,%12.6f,%10.4E,%10.4E,%12.6f,%6d,%6d,%7d,%7d","+/-,Ka,Kc,v1,v2,v3","%1s,%2d,%2d,%2d,%2d,%2d",1504495
53,ScO,45Sc-16O,(45Sc)(16O),LPB,5000,16431.098792,16561.402224,42.977035,1,"nu,unc,A,S,E"",g',g"",J',J""","%12.6f,%12.6f,%10.4E,%10.4E,%12.6f,%6d,%6d,%7d,%7d","e/f,ElecState,v,Sigma,N,Fi,Jpar","%1s,%12s,%3d,%5.1f,%5d,%2d,%1s",85
54,SiN,28Si-14N,(28Si)(14N),SiNfull,10000,126.644974,33921.155325,42.979569,1,"nu,unc,A,S,E"",g',g"",J',J""","%12.6f,%12.6f,%10.4E,%10.4E,%12.6f,%6d,%6d,%7.1f,%7.1f","+/-,e/f,ElecState,v,Lambda,Sigma,Omega","%1s,%1s,%12s,%3d,%3d,%5.1f,%5.1f",670
55,SiN,28Si-15N,(28Si)(15N),SiNfull,10000,126.603309,33925.894909,43.976844,1,"nu,unc,A,S,E"",g',g"",J',J""","%12.6f,%12.6f,%10.4E,%10.4E,%12.6f,%6d,%6d,%7.1f,%7.1f","+/-,e/f,ElecState,v,Lambda,Sigma,Omega","%1s,%1s,%12s,%3d,%3d,%5.1f,%5.1f",464
56,SiN,29Si-14N,(29Si)(14N),SiNfull,10000,126.634134,33922.376557,43.971841,1,"nu,unc,A,S,E"",g',g"",J',J""","%12.6f,%12.6f,%10.4E,%10.4E,%12.6f,%6d,%6d,%7.1f,%7.1f","+/-,e/f,ElecState,v,Lambda,Sigma,Omega","%1s,%1s,%12s,%3d,%3d,%5.1f,%5.1f",464
57,SiN,30Si-14N,(30Si)(14N),SiNfull,10000,126.624051,33923.519705,47.966986,1,"nu,unc,A,S,E"",g',g"",J',J""","%12.6f,%12.6f,%10.4E,%10.4E,%12.6f,%6d,%6d,%7.1f,%7.1f","+/-,e/f,ElecState,v,Lambda,Sigma,Omega","%1s,%1s,%12s,%3d,%3d,%5.1f,%5.1f",464
58,SiO,28Si-16O,(28Si)(16O),SiOUVenIR,10000,1.408256,52576.81703,63.9619,1,"nu,unc,A,S,E"",g',g"",J',J""","%12.6f,%12.6f,%10.4E,%10.4E,%12.6f,%6d,%6d,%7d,%7d","+/-,e/f,ElecState,v,Lambda,Sigma,Omega","%1s,%1s,%12s,%3d,%3d,%5.1f,%5.1f",8729
59,TiO,48Ti-16O,(48Ti)(16O),Toto,8000,7.391149,24000.548053,63.942856,1,"nu,unc,A,S,E"",g',g"",J',J""","%12.6f,%12.6f,%10.4E,%10.4E,%12.6f,%6d,%6d,%7d,%7d","+/-,e/f,ElecState,v,Lambda,Sigma,Omega","%1s,%1s,%12s,%3d,%3d,%5d,%5d",499775
60,VO,51V-16O,(51V)(16O),HyVO,5400,573.735343,17769.665166,66.938871,1,"nu,unc,A,S,E"",g',g"",J',J""","%12.6f,%12.6f,%10.4E,%10.4E,%12.6f,%6d,%6d,%7d,%7d","+/-,e/f,ElecState,v,Lambda,Sigma,Omega","%1s,%1s,%12s,%3d,%3d,%5.1f,%5.1f",635722
61,YO,89Y-16O,(89Y)(16O),BRYTS,5000,0.7761,23970.6473,104.900756,1,"nu,unc,A,S,E"",g',g"",J',J""","%12.6f,%12.6f,%10.4E,%10.4E,%12.6f,%6d,%6d,%7.1f,%7.1f","+/-,e/f,ElecState,v,Lambda,Sigma,Omega","%1s,%1s,%12s,%3d,%3d,%5.1f,%5.1f",25
62,YO,89Y-17O,(89Y)(17O),BRYTS,5000,0.702295,23961.090761,105.904973,1,"nu,unc,A,S,E"",g',g"",J',J""","%12.6f,%12.6f,%10.4E,%10.4E,%12.6f,%6d,%6d,%7.1f,%7.1f","+/-,e/f,ElecState,v,Lambda,Sigma,Omega","%1s,%1s,%12s,%3d,%3d,%5.1f,%5.1f",25
63,YO,89Y-18O,(89Y)(18O),BRYTS,5000,0.702008,23961.244845,106.905001,1,"nu,unc,A,S,E"",g',g"",J',J""","%12.6f,%12.6f,%10.4E,%10.4E,%12.6f,%6d,%6d,%7.1f,%7.1f","+/-,e/f,ElecState,v,Lambda,Sigma,Omega","%1s,%1s,%12s,%3d,%3d,%5.1f,%5.1f",25
64,ZrO,90Zr-16O,(90Zr)(16O),ZorrO,10000,0.845228,21113.412026,105.899613,1,"nu,unc,A,S,E"",g',g"",J',J""","%12.6f,%12.6f,%10.4E,%10.4E,%12.6f,%6d,%6d,%7.1f,%7.1f","+/-,e/f,ElecState,v,Lambda,Sigma,Omega","%1s,%1s,%12s,%3d,%3d,%5d,%5d",145317
65,ZrO,91Zr-16O,(91Zr)(16O),ZorrO,10000,0.843824,19179.961087,106.900555,1,"nu,unc,A,S,E"",g',g"",J',J""","%12.6f,%12.6f,%10.4E,%10.4E,%12.6f,%6d,%6d,%7.1f,%7.1f","+/-,e/f,ElecState,v,Lambda,Sigma,Omega","%1s,%1s,%12s,%3d,%3d,%5d,%5d",5164
66,ZrO,92Zr-16O,(92Zr)(16O),ZorrO,10000,0.842453,19179.997266,107.89995,1,"nu,unc,A,S,E"",g',g"",J',J""","%12.6f,%12.6f,%10.4E,%10.4E,%12.6f,%6d,%6d,%7.1f,%7.1f","+/-,e/f,ElecState,v,Lambda,Sigma,Omega","%1s,%1s,%12s,%3d,%3d,%5d,%5d",5164
67,ZrO,93Zr-16O,(93Zr)(16O),ZorrO,10000,0.841108,19180.032795,108.901385,1,"nu,unc,A,S,E"",g',g"",J',J""","%12.6f,%12.6f,%10.4E,%10.4E,%12.6f,%6d,%6d,%7.1f,%7.1f","+/-,e/f,ElecState,v,Lambda,Sigma,Omega","%1s,%1s,%12s,%3d,%3d,%5d,%5d",5164
68,ZrO,94Zr-16O,(94Zr)(16O),ZorrO,10000,0.839795,19180.067568,109.901227,1,"nu,unc,A,S,E"",g',g"",J',J""","%12.6f,%12.6f,%10.4E,%10.4E,%12.6f,%6d,%6d,%7.1f,%7.1f","+/-,e/f,ElecState,v,Lambda,Sigma,Omega","%1s,%1s,%12s,%3d,%3d,%5d,%5d",5164
69,ZrO,96Zr-16O,(96Zr)(16O),ZorrO,10000,0.837246,19180.135171,111.903192,1,"nu,unc,A,S,E"",g',g"",J',J""","%12.6f,%12.6f,%10.4E,%10.4E,%12.6f,%6d,%6d,%7.1f,%7.1f","+/-,e/f,ElecState,v,Lambda,Sigma,Omega","%1s,%1s,%12s,%3d,%3d,%5d,%5d",5164