id,filename,molecule,molhtml,moltag,molname,molmass,isoslug,isoformula,isohtml,isohtml,isotag,isohtml,isohtml,isomass,dataset
1,AlCl__27Al-35Cl__YNAT__(27Al)(35Cl).csv,AlCl,AlCl,alcl,Aluminum monochloride,62.431538,27Al-35Cl,(27Al)(35Cl),<sup>27</sup>Al<sup>35</sup>Cl,<sup>27</sup>Al<sup>35</sup>Cl,27al35cl,<sup>27</sup>Al<sup>35</sup>Cl,<sup>27</sup>Al<sup>35</sup>Cl,61.950391,YNAT
2,AlCl__27Al-37Cl__YNAT__(27Al)(37Cl).csv,AlCl,AlCl,alcl,Aluminum monochloride,62.431538,27Al-37Cl,(27Al)(37Cl),<sup>27</sup>Al<sup>37</sup>Cl,<sup>27</sup>Al<sup>37</sup>Cl,27al37cl,<sup>27</sup>Al<sup>37</sup>Cl,<sup>27</sup>Al<sup>37</sup>Cl,63.947441,YNAT
3,AlH__27Al-1H__AloHa__(27Al)(1H).csv,AlH,AlH,alh,Aluminum hydride,27.989538,27Al-1H,(27Al)(1H),<sup>27</sup>Al<sup>1</sup>H,<sup>27</sup>Al<sup>1</sup>H,27al1h,<sup>27</sup>Al<sup>1</sup>H,<sup>27</sup>Al<sup>1</sup>H,27.989363,AloHa
4,AlO__26Al-16O__ATP__(26Al)(16O).csv,AlO,AlO,alo,Aluminum monoxide,42.980538,26Al-16O,(26Al)(16O),<sup>26</sup>Al<sup>16</sup>O,<sup>26</sup>Al<sup>16</sup>O,26al16o,<sup>26</sup>Al<sup>16</sup>O,<sup>26</sup>Al<sup>16</sup>O,41.981806,ATP
5,AlO__27Al-16O__ATP__(27Al)(16O).csv,AlO,AlO,alo,Aluminum monoxide,42.980538,27Al-16O,(27Al)(16O),<sup>27</sup>Al<sup>16</sup>O,<sup>27</sup>Al<sup>16</sup>O,27al16o,<sup>27</sup>Al<sup>16</sup>O,<sup>27</sup>Al<sup>16</sup>O,42.976453,ATP
6,AlO__27Al-17O__ATP__(27Al)(17O).csv,AlO,AlO,alo,Aluminum monoxide,42.980538,27Al-17O,(27Al)(17O),<sup>27</sup>Al<sup>17</sup>O,<sup>27</sup>Al<sup>17</sup>O,27al17o,<sup>27</sup>Al<sup>17</sup>O,<sup>27</sup>Al<sup>17</sup>O,43.980670,ATP
7,AlO__27Al-18O__ATP__(27Al)(18O).csv,AlO,AlO,alo,Aluminum monoxide,42.980538,27Al-18O,(27Al)(18O),<sup>27</sup>Al<sup>18</sup>O,<sup>27</sup>Al<sup>18</sup>O,27al18o,<sup>27</sup>Al<sup>18</sup>O,<sup>27</sup>Al<sup>18</sup>O,44.980698,ATP
8,C2__12C2__8states__(12C)2.csv,C2,C<sub>2</sub>,c2,Dicarbon,24.022000,12C2,(12C)2,<sup>12</sup>C<sub>2</sub>,<sup>12</sup>C<sub>2</sub>,12c2,<sup>12</sup>C<sub>2</sub>,<sup>12</sup>C<sub>2</sub>,24.000000,8states
9,C2H2__12C2-1H2__aCeTY__(12C)2(1H)2.csv,C2H2,C<sub>2</sub>H<sub>2</sub>,c2h2,Acetylene,26.038000,12C2-1H2,(12C)2(1H)2,<sup>12</sup>C<sub>2</sub><sup>1</sup>H<sub>2</sub>,<sup>12</sup>C<sub>2</sub><sup>1</sup>H<sub>2</sub>,12c21h2,<sup>12</sup>C<sub>2</sub><sup>1</sup>H<sub>2</sub>,<sup>12</sup>C<sub>2</sub><sup>1</sup>H<sub>2</sub>,26.015650,aCeTY
10,CaH__40Ca-1H__XAB__(40Ca)(1H).csv,CaH,CaH,cah,Calcium monohydride,41.086000,40Ca-1H,(40Ca)(1H),<sup>40</sup>Ca<sup>1</sup>H,<sup>40</sup>Ca<sup>1</sup>H,40ca1h,<sup>40</sup>Ca<sup>1</sup>H,<sup>40</sup>Ca<sup>1</sup>H,40.970416,XAB
X,CH4__12C-1H4__MM__(12C)(1H)4.csv,CH4,,,Methane,,12C-1H4,,,,,,,,MM
11,CN__12C-14N__Trihybrid__(12C)(14N).csv,CN,CN,cn,Cyano radical,26.018000,12C-14N,(12C)(14N),<sup>12</sup>C<sup>14</sup>N,<sup>12</sup>C<sup>14</sup>N,12c14n,<sup>12</sup>C<sup>14</sup>N,<sup>12</sup>C<sup>14</sup>N,26.003074,Trihybrid
12,CO2__12C-16O2__UCL-4000__(12C)(16O)2.csv,CO2,CO<sub>2</sub>,co2,Carbon dioxide,44.009000,12C-16O2,(12C)(16O)2,<sup>12</sup>C<sup>16</sup>O<sub>2</sub>,<sup>12</sup>C<sup>16</sup>O<sub>2</sub>,12c16o2,<sup>12</sup>C<sup>16</sup>O<sub>2</sub>,<sup>12</sup>C<sup>16</sup>O<sub>2</sub>,43.989829,UCL-4000
13,H2CO__1H2-12C-16O__AYTY__(1H)2(12C)(16O).csv,H2CO,H<sub>2</sub>CO,h2co,Formaldehyde,30.026000,1H2-12C-16O,(1H)2(12C)(16O),<sup>1</sup>H<sub>2</sub><sup>12</sup>C<sup>16</sup>O,<sup>1</sup>H<sub>2</sub><sup>12</sup>C<sup>16</sup>O,1h212c16o,<sup>1</sup>H<sub>2</sub><sup>12</sup>C<sup>16</sup>O,<sup>1</sup>H<sub>2</sub><sup>12</sup>C<sup>16</sup>O,30.010565,AYTY
14,H2O__1H2-16O__POKAZATEL__(1H)2(16O).csv,H2O,H<sub>2</sub>O,h2o,Water,18.015000,1H2-16O,(1H)2(16O),<sup>1</sup>H<sub>2</sub><sup>16</sup>O,<sup>1</sup>H<sub>2</sub><sup>16</sup>O,1h216o,<sup>1</sup>H<sub>2</sub><sup>16</sup>O,<sup>1</sup>H<sub>2</sub><sup>16</sup>O,18.010565,POKAZATEL
15,H2S__1H2-32S__AYT2__(1H)2(32S).csv,H2S,H<sub>2</sub>S,h2s,Hydrogen sulfide,34.076000,1H2-32S,(1H)2(32S),<sup>1</sup>H<sub>2</sub><sup>32</sup>S,<sup>1</sup>H<sub>2</sub><sup>32</sup>S,1h232s,<sup>1</sup>H<sub>2</sub><sup>32</sup>S,<sup>1</sup>H<sub>2</sub><sup>32</sup>S,33.987721,AYT2
16,H3_p__1H2-2H_p__ST__(1H)2(2H)+.csv,H3+,H<sub>3</sub><sup>+</sup>,h3+,Trihydrogen cation,3.024000,1H2-2H+,(1H)2(2H)+,<sup>1</sup>H<sub>2</sub><sup>2</sup>H<sup>+</sup>,<sup>1</sup>H<sub>2</sub><sup>2</sup>H<sup>+</sup>,1h22h+,<sup>1</sup>H<sub>2</sub><sup>2</sup>H<sup>+</sup>,<sup>1</sup>H<sub>2</sub><sup>2</sup>H<sup>+</sup>,4.029752,ST
17,H3_p__1H3_p__MiZATeP__(1H)3+.csv,H3+,H<sub>3</sub><sup>+</sup>,h3+,Trihydrogen cation,3.024000,1H3+,(1H)3+,<sup>1</sup>H<sub>3</sub><sup>+</sup>,<sup>1</sup>H<sub>3</sub><sup>+</sup>,1h3+,<sup>1</sup>H<sub>3</sub><sup>+</sup>,<sup>1</sup>H<sub>3</sub><sup>+</sup>,3.023475,MiZATeP
18,H3_p__2H2-1H_p__MiZo__(2H)2(1H)+.csv,H3+,H<sub>3</sub><sup>+</sup>,h3+,Trihydrogen cation,3.024000,2H2-1H+,(2H)2(1H)+,<sup>2</sup>H<sub>2</sub><sup>1</sup>H<sup>+</sup>,<sup>2</sup>H<sub>2</sub><sup>1</sup>H<sup>+</sup>,2h21h+,<sup>2</sup>H<sub>2</sub><sup>1</sup>H<sup>+</sup>,<sup>2</sup>H<sub>2</sub><sup>1</sup>H<sup>+</sup>,5.036029,MiZo
19,H3_p__2H3_p__MiZo__(2H)3+.csv,H3+,H<sub>3</sub><sup>+</sup>,h3+,Trihydrogen cation,3.024000,2H3+,(2H)3+,<sup>2</sup>H<sub>3</sub><sup>+</sup>,<sup>2</sup>H<sub>3</sub><sup>+</sup>,2h3+,<sup>2</sup>H<sub>3</sub><sup>+</sup>,<sup>2</sup>H<sub>3</sub><sup>+</sup>,6.042305,MiZo
20,H3O_p__1H3-16O_p__eXeL__(1H)3(16O)+.csv,H3O+,H<sub>3</sub>O<sup>+</sup>,h3o+,Hydronium cation,19.023000,1H3-16O+,(1H)3(16O)+,<sup>1</sup>H<sub>3</sub><sup>16</sup>O<sup>+</sup>,<sup>1</sup>H<sub>3</sub><sup>16</sup>O<sup>+</sup>,1h316o+,<sup>1</sup>H<sub>3</sub><sup>16</sup>O<sup>+</sup>,<sup>1</sup>H<sub>3</sub><sup>16</sup>O<sup>+</sup>,19.018390,eXeL
21,LiOH__6Li-16O-1H__OYT7__(6Li)(16O)(1H).csv,LiOH,LiOH,lioh,Lithium hydroxide,23.947000,6Li-16O-1H,(6Li)(16O)(1H),<sup>6</sup>Li<sup>16</sup>O<sup>1</sup>H,<sup>6</sup>Li<sup>16</sup>O<sup>1</sup>H,6li16o1h,<sup>6</sup>Li<sup>16</sup>O<sup>1</sup>H,<sup>6</sup>Li<sup>16</sup>O<sup>1</sup>H,23.017863,OYT7
22,LiOH__7Li-16O-1H__OYT7__(7Li)(16O)(1H).csv,LiOH,LiOH,lioh,Lithium hydroxide,23.947000,7Li-16O-1H,(7Li)(16O)(1H),<sup>7</sup>Li<sup>16</sup>O<sup>1</sup>H,<sup>7</sup>Li<sup>16</sup>O<sup>1</sup>H,7li16o1h,<sup>7</sup>Li<sup>16</sup>O<sup>1</sup>H,<sup>7</sup>Li<sup>16</sup>O<sup>1</sup>H,24.018743,OYT7
23,MgH__24Mg-1H__XAB__(24Mg)(1H).csv,MgH,MgH,mgh,Magnesium monohydride,25.313000,24Mg-1H,(24Mg)(1H),<sup>24</sup>Mg<sup>1</sup>H,<sup>24</sup>Mg<sup>1</sup>H,24mg1h,<sup>24</sup>Mg<sup>1</sup>H,<sup>24</sup>Mg<sup>1</sup>H,24.992867,XAB
24,MgH__25Mg-1H__XAB__(25Mg)(1H).csv,MgH,MgH,mgh,Magnesium monohydride,25.313000,25Mg-1H,(25Mg)(1H),<sup>25</sup>Mg<sup>1</sup>H,<sup>25</sup>Mg<sup>1</sup>H,25mg1h,<sup>25</sup>Mg<sup>1</sup>H,<sup>25</sup>Mg<sup>1</sup>H,25.993662,XAB
25,MgH__26Mg-1H__XAB__(26Mg)(1H).csv,MgH,MgH,mgh,Magnesium monohydride,25.313000,26Mg-1H,(26Mg)(1H),<sup>26</sup>Mg<sup>1</sup>H,<sup>26</sup>Mg<sup>1</sup>H,26mg1h,<sup>26</sup>Mg<sup>1</sup>H,<sup>26</sup>Mg<sup>1</sup>H,26.990418,XAB
26,NH__14N-1H__kNigHt__(14N)(1H).csv,NH,NH,nh,Imidogen,15.015000,14N-1H,(14N)(1H),<sup>14</sup>N<sup>1</sup>H,<sup>14</sup>N<sup>1</sup>H,14n1h,<sup>14</sup>N<sup>1</sup>H,<sup>14</sup>N<sup>1</sup>H,15.010899,kNigHt
27,NH__14N-2H__kNigHt__(14N)(2H).csv,NH,NH,nh,Imidogen,15.015000,14N-2H,(14N)(2H),<sup>14</sup>N<sup>2</sup>H,<sup>14</sup>N<sup>2</sup>H,14n2h,<sup>14</sup>N<sup>2</sup>H,<sup>14</sup>N<sup>2</sup>H,16.017176,kNigHt
28,NH__15N-1H__kNigHt__(15N)(1H).csv,NH,NH,nh,Imidogen,15.015000,15N-1H,(15N)(1H),<sup>15</sup>N<sup>1</sup>H,<sup>15</sup>N<sup>1</sup>H,15n1h,<sup>15</sup>N<sup>1</sup>H,<sup>15</sup>N<sup>1</sup>H,16.007934,kNigHt
29,NH__15N-2H__kNigHt__(15N)(2H).csv,NH,NH,nh,Imidogen,15.015000,15N-2H,(15N)(2H),<sup>15</sup>N<sup>2</sup>H,<sup>15</sup>N<sup>2</sup>H,15n2h,<sup>15</sup>N<sup>2</sup>H,<sup>15</sup>N<sup>2</sup>H,17.014211,kNigHt
30,NH3__14N-1H3__CoYuTe__(14N)(1H)3.csv,NH3,NH<sub>3</sub>,nh3,Ammonia,17.031000,14N-1H3,(14N)(1H)3,<sup>14</sup>N<sup>1</sup>H<sub>3</sub>,<sup>14</sup>N<sup>1</sup>H<sub>3</sub>,14n1h3,<sup>14</sup>N<sup>1</sup>H<sub>3</sub>,<sup>14</sup>N<sup>1</sup>H<sub>3</sub>,17.026549,CoYuTe
31,NO__14N-16O__XABC__(14N)(16O).csv,NO,NO,no,Nitric oxide,30.006000,14N-16O,(14N)(16O),<sup>14</sup>N<sup>16</sup>O,<sup>14</sup>N<sup>16</sup>O,14n16o,<sup>14</sup>N<sup>16</sup>O,<sup>14</sup>N<sup>16</sup>O,29.997989,XABC
32,SiN__28Si-14N__SiNfull__(28Si)(14N).csv,SiN,SiN,sin,Silicon nitride,42.092000,28Si-14N,(28Si)(14N),<sup>28</sup>Si<sup>14</sup>N,<sup>28</sup>Si<sup>14</sup>N,28si14n,<sup>28</sup>Si<sup>14</sup>N,<sup>28</sup>Si<sup>14</sup>N,41.980001,SiNfull
33,SiN__28Si-15N__SiNfull__(28Si)(15N).csv,SiN,SiN,sin,Silicon nitride,42.092000,28Si-15N,(28Si)(15N),<sup>28</sup>Si<sup>15</sup>N,<sup>28</sup>Si<sup>15</sup>N,28si15n,<sup>28</sup>Si<sup>15</sup>N,<sup>28</sup>Si<sup>15</sup>N,42.977035,SiNfull
34,SiN__29Si-14N__SiNfull__(29Si)(14N).csv,SiN,SiN,sin,Silicon nitride,42.092000,29Si-14N,(29Si)(14N),<sup>29</sup>Si<sup>14</sup>N,<sup>29</sup>Si<sup>14</sup>N,29si14n,<sup>29</sup>Si<sup>14</sup>N,<sup>29</sup>Si<sup>14</sup>N,42.979569,SiNfull
35,SiN__30Si-14N__SiNfull__(30Si)(14N).csv,SiN,SiN,sin,Silicon nitride,42.092000,30Si-14N,(30Si)(14N),<sup>30</sup>Si<sup>14</sup>N,<sup>30</sup>Si<sup>14</sup>N,30si14n,<sup>30</sup>Si<sup>14</sup>N,<sup>30</sup>Si<sup>14</sup>N,43.976844,SiNfull
36,SiO__28Si-16O__SiOUVenIR__(28Si)(16O).csv,SiO,SiO,sio,Silicon monoxide,44.084000,28Si-16O,(28Si)(16O),<sup>28</sup>Si<sup>16</sup>O,<sup>28</sup>Si<sup>16</sup>O,28si16o,<sup>28</sup>Si<sup>16</sup>O,<sup>28</sup>Si<sup>16</sup>O,43.971841,SiOUVenIR
37,SO__32S-16O__SOLIS__(32S)(16O).csv,SO,SO,so,Sulfur monoxide,48.059000,32S-16O,(32S)(16O),<sup>32</sup>S<sup>16</sup>O,<sup>32</sup>S<sup>16</sup>O,32s16o,<sup>32</sup>S<sup>16</sup>O,<sup>32</sup>S<sup>16</sup>O,47.966986,SOLIS
38,SO2__32S-16O2__ExoAmes__(32S)(16O)2.csv,SO2,SO<sub>2</sub>,so2,Sulfur dioxide,64.058000,32S-16O2,(32S)(16O)2,<sup>32</sup>S<sup>16</sup>O<sub>2</sub>,<sup>32</sup>S<sup>16</sup>O<sub>2</sub>,32s16o2,<sup>32</sup>S<sup>16</sup>O<sub>2</sub>,<sup>32</sup>S<sup>16</sup>O<sub>2</sub>,63.961900,ExoAmes
39,TiO__48Ti-16O__Toto__(48Ti)(16O).csv,TiO,TiO,tio,Titanium oxide,63.866000,48Ti-16O,(48Ti)(16O),<sup>48</sup>Ti<sup>16</sup>O,<sup>48</sup>Ti<sup>16</sup>O,48ti16o,<sup>48</sup>Ti<sup>16</sup>O,<sup>48</sup>Ti<sup>16</sup>O,63.942856,Toto
40,YO__89Y-16O__BRYTS__(89Y)(16O).csv,YO,YO,yo,Yttrium monoxide,104.904840,89Y-16O,(89Y)(16O),<sup>89</sup>Y<sup>16</sup>O,<sup>89</sup>Y<sup>16</sup>O,89y16o,<sup>89</sup>Y<sup>16</sup>O,<sup>89</sup>Y<sup>16</sup>O,104.900756,BRYTS
41,YO__89Y-17O__BRYTS__(89Y)(17O).csv,YO,YO,yo,Yttrium monoxide,104.904840,89Y-17O,(89Y)(17O),<sup>89</sup>Y<sup>17</sup>O,<sup>89</sup>Y<sup>17</sup>O,89y17o,<sup>89</sup>Y<sup>17</sup>O,<sup>89</sup>Y<sup>17</sup>O,105.904973,BRYTS
42,YO__89Y-18O__BRYTS__(89Y)(18O).csv,YO,YO,yo,Yttrium monoxide,104.904840,89Y-18O,(89Y)(18O),<sup>89</sup>Y<sup>18</sup>O,<sup>89</sup>Y<sup>18</sup>O,89y18o,<sup>89</sup>Y<sup>18</sup>O,<sup>89</sup>Y<sup>18</sup>O,106.905001,BRYTS
43,ZrO__90Zr-16O__ZorrO__(90Zr)(16O).csv,ZrO,ZrO,zro,Zirconium oxide,107.223000,90Zr-16O,(90Zr)(16O),<sup>90</sup>Zr<sup>16</sup>O,<sup>90</sup>Zr<sup>16</sup>O,90zr16o,<sup>90</sup>Zr<sup>16</sup>O,<sup>90</sup>Zr<sup>16</sup>O,105.899613,ZorrO
44,ZrO__91Zr-16O__ZorrO__(91Zr)(16O).csv,ZrO,ZrO,zro,Zirconium oxide,107.223000,91Zr-16O,(91Zr)(16O),<sup>91</sup>Zr<sup>16</sup>O,<sup>91</sup>Zr<sup>16</sup>O,91zr16o,<sup>91</sup>Zr<sup>16</sup>O,<sup>91</sup>Zr<sup>16</sup>O,106.900555,ZorrO
45,ZrO__92Zr-16O__ZorrO__(92Zr)(16O).csv,ZrO,ZrO,zro,Zirconium oxide,107.223000,92Zr-16O,(92Zr)(16O),<sup>92</sup>Zr<sup>16</sup>O,<sup>92</sup>Zr<sup>16</sup>O,92zr16o,<sup>92</sup>Zr<sup>16</sup>O,<sup>92</sup>Zr<sup>16</sup>O,107.899950,ZorrO
46,ZrO__93Zr-16O__ZorrO__(93Zr)(16O).csv,ZrO,ZrO,zro,Zirconium oxide,107.223000,93Zr-16O,(93Zr)(16O),<sup>93</sup>Zr<sup>16</sup>O,<sup>93</sup>Zr<sup>16</sup>O,93zr16o,<sup>93</sup>Zr<sup>16</sup>O,<sup>93</sup>Zr<sup>16</sup>O,108.901385,ZorrO
47,ZrO__94Zr-16O__ZorrO__(94Zr)(16O).csv,ZrO,ZrO,zro,Zirconium oxide,107.223000,94Zr-16O,(94Zr)(16O),<sup>94</sup>Zr<sup>16</sup>O,<sup>94</sup>Zr<sup>16</sup>O,94zr16o,<sup>94</sup>Zr<sup>16</sup>O,<sup>94</sup>Zr<sup>16</sup>O,109.901227,ZorrO
48,ZrO__96Zr-16O__ZorrO__(96Zr)(16O).csv,ZrO,ZrO,zro,Zirconium oxide,107.223000,96Zr-16O,(96Zr)(16O),<sup>96</sup>Zr<sup>16</sup>O,<sup>96</sup>Zr<sup>16</sup>O,96zr16o,<sup>96</sup>Zr<sup>16</sup>O,<sup>96</sup>Zr<sup>16</sup>O,111.903192,ZorrO
X,,H2CS,,,Thioformaldehyde,,(1H)2(12C)(32S),,,,,,,,MOTY
X,,NaO,,,Sodium monoxide,,(23Na)(16O),,,,,,,,NaOUCMe
X,,NaOH,,,Sodium hydroxide,,(23Na)(16O)(1H),,,,,,,,OYT5
X,,AlH,,,Aluminium hydride,,(27Al)(2H),,,,,,,,AloHa
X,,CaOH,,,Calcium hydroxide,,(40Ca)(16O)(1H),,,,,,,,OYT6
X,,TiO,,,Titanium oxide,,(46Ti)(16O),,,,,,,,Toto
X,,TiO,,,Titanium oxide,,(47Ti)(16O),,,,,,,,Toto
X,,TiO,,,Titanium oxide,,(49Ti)(16O),,,,,,,,Toto
X,,TiO,,,Titanium oxide,,(50Ti)(16O),,,,,,,,Toto
X,,VO,,,Vanadium oxide,,(51V)(16O),,,,,,,,HyVO